{"cameraMode":{"drawMode":0,"name":"Shaded","section":"Shading Mode"},"sceneLighting":true,"audioPlay":false,"sceneViewState":{"showFog":true,"showMaterialUpdate":false,"showSkybox":true,"showFlares":true,"showImageEffects":true,"showParticleSystems":true},"in2DMode":false,"pivot":{"x":-0.02647385001182556,"y":1.3294552564620972,"z":1.6515306234359742},"rotation":{"x":-0.09396777302026749,"y":-0.8852577805519104,"z":0.20429778099060059,"w":-0.40715110301971438},"size":1.401298464324817e-45,"orthographic":false}