{"cameraMode":{"drawMode":0,"name":"Shaded","section":"Shading Mode"},"sceneLighting":false,"audioPlay":false,"sceneViewState":{"showFog":true,"showMaterialUpdate":false,"showSkybox":false,"showFlares":true,"showImageEffects":true,"showParticleSystems":true},"in2DMode":false,"pivot":{"x":-0.0000457763671875,"y":0.8709911108016968,"z":0.03715050220489502},"rotation":{"x":-0.010804994963109494,"y":-0.027897678315639497,"z":0.00030218117171898484,"w":-0.9995570778846741},"size":4.178705215454102,"orthographic":false}