{"cameraMode":{"drawMode":0,"name":"Shaded","section":"Shading Mode"},"sceneLighting":true,"audioPlay":false,"sceneViewState":{"showFog":true,"showMaterialUpdate":false,"showSkybox":true,"showFlares":true,"showImageEffects":true,"showParticleSystems":true},"in2DMode":false,"pivot":{"x":0.05121646076440811,"y":1.3225847482681275,"z":9.293131828308106},"rotation":{"x":0.07075052708387375,"y":0.001491463161073625,"z":-0.0001071038786903955,"w":0.9974979162216187},"size":11.315275192260743,"orthographic":false}