{"cameraMode":{"drawMode":0,"name":"Shaded","section":"Shading Mode"},"sceneLighting":true,"audioPlay":false,"sceneViewState":{"showFog":true,"showMaterialUpdate":false,"showSkybox":true,"showFlares":true,"showImageEffects":true,"showParticleSystems":true},"in2DMode":false,"pivot":{"x":8.050681114196778,"y":0.04547685384750366,"z":-4.504981994628906},"rotation":{"x":-0.019268127158284189,"y":-0.8972361087799072,"z":0.03932958096265793,"w":-0.4393969774246216},"size":9.914590835571289,"orthographic":false}