{"cameraMode":{"drawMode":0,"name":"Shaded","section":"Shading Mode"},"sceneLighting":true,"audioPlay":false,"sceneViewState":{"showFog":true,"showMaterialUpdate":false,"showSkybox":true,"showFlares":true,"showImageEffects":true,"showParticleSystems":true},"in2DMode":false,"pivot":{"x":0.6737020015716553,"y":2.1311533451080324,"z":-4.030556678771973},"rotation":{"x":-0.0006429399363696575,"y":0.9991892576217651,"z":0.01767808198928833,"w":0.036287542432546619},"size":9.365615844726563,"orthographic":false}