{"cameraMode":{"drawMode":0,"name":"Shaded","section":"Shading Mode"},"sceneLighting":true,"audioPlay":false,"sceneViewState":{"showFog":true,"showMaterialUpdate":false,"showSkybox":true,"showFlares":true,"showImageEffects":true,"showParticleSystems":true},"in2DMode":false,"pivot":{"x":-11.479641914367676,"y":1.9008249044418336,"z":-17.279542922973634},"rotation":{"x":-0.004449133295565844,"y":-0.9613912105560303,"z":-0.015566835179924965,"w":0.2748122811317444},"size":22.429738998413087,"orthographic":false}