{"cameraMode":{"drawMode":0,"name":"Shaded","section":"Shading Mode"},"sceneLighting":false,"audioPlay":false,"sceneViewState":{"showFog":true,"showMaterialUpdate":false,"showSkybox":false,"showFlares":true,"showImageEffects":true,"showParticleSystems":true},"in2DMode":false,"pivot":{"x":-0.07995706796646118,"y":0.912407398223877,"z":-0.29722535610198977},"rotation":{"x":0.0014679888263344765,"y":-0.996325671672821,"z":0.08419939875602722,"w":0.017361508682370187},"size":1.969972848892212,"orthographic":false}