{"cameraMode":{"drawMode":0,"name":"Shaded","section":"Shading Mode"},"sceneLighting":false,"audioPlay":false,"sceneViewState":{"showFog":true,"showMaterialUpdate":false,"showSkybox":false,"showFlares":true,"showImageEffects":true,"showParticleSystems":true},"in2DMode":false,"pivot":{"x":1.2186305522918702,"y":1.26447594165802,"z":-0.5721855163574219},"rotation":{"x":-0.054475124925374988,"y":-0.37482184171676638,"z":0.022069260478019716,"w":-0.9252371788024902},"size":3.278705358505249,"orthographic":false}